Adela,Bazemore,adela.bazemore@email.com,416-123-4567,U,F,password
Albertina,Heiss,albertina.heiss@email.com,416-234-5678,U,F,password
Alica,Teal,alica.teal@email.com,416-345-6789,U,F,password
Alvin,Farr,alvin.farr@email.com,416-456-7890,U,M,password
Ami,Westrick,ami.westrick@email.com,416-567-8901,U,F,password
Austin,Westendorf,austin.westendorf@email.com,416-678-9012,U,M,password
Barton,Sandberg,barton.sandberg@email.com,416-789-0123,U,M,password
Bethanie,Osier,bethanie.osier@email.com,416-890-1234,U,F,password
Cameron,Mcadoo,cameron.mcadoo@email.com,416-901-2345,U,M,password
Candance,Spataro,candance.spataro@email.com,416-012-3456,U,F,password
Chadwick,Lefort,chadwick.lefort@email.com,416-123-4567,U,M,password
Charley,Old,charley.old@email.com,416-234-5678,U,M,password
Rima,Mattioli,rima.mattioli@email.com,416-345-6789,U,F,password
Meaghan,Shellenberger,meaghan.shellenberger@email.com,416-456-7890,U,F,password
Pauletta,Micheals,pauletta.micheals@email.com,416-567-8901,U,F,password
Chris,Gress,chris.gress@email.com,416-678-9012,U,M,password
Clarence,Rowton,clarence.rowton@email.com,416-789-0123,U,M,password
Demarcus,Caliendo,demarcus.caliendo@email.com,416-890-1234,U,M,password
Claude,Heminger,claude.heminger@email.com,416-901-2345,U,M,password
Clorinda,Strasburg,clorinda.strasburg@email.com,416-012-3456,U,F,password
Constance,Nolette,constance.nolette@email.com,416-123-4567,U,F,password
Contessa,Siciliano,contessa.siciliano@email.com,416-234-5678,U,F,password
Darrel,Sturgis,darrel.sturgis@email.com,416-345-6789,U,M,password
Darrin,Hershey,darrin.hershey@email.com,416-456-7890,U,M,password
Della,Trezza,della.trezza@email.com,416-567-8901,U,F,password
Dorine,Furst,dorine.furst@email.com,416-678-9012,U,F,password
Dylan,Plain,dylan.plain@email.com,416-789-0123,U,M,password
Emerson,Benes,emerson.benes@email.com,416-890-1234,U,M,password
Erik,Deangelo,erik.deangelo@email.com,416-901-2345,U,M,password
Erlinda,Busbee,erlinda.busbee@email.com,416-012-3456,U,F,password
Fabian,Fager,fabian.fager@email.com,416-123-4567,U,M,password
Felix,Nealey,felix.nealey@email.com,416-234-5678,U,M,password
Freddy,Casados,freddy.casados@email.com,416-345-6789,U,M,password
Gabriel,Faulcon,gabriel.faulcon@email.com,416-456-7890,U,M,password
Gavin,Prager,gavin.prager@email.com,416-567-8901,U,M,password
Grant,Beeks,grant.beeks@email.com,416-678-9012,U,M,password
Gregorio,Talcott,gregorio.talcott@email.com,416-789-0123,U,M,password
Gudrun,Rezentes,gudrun.rezentes@email.com,416-890-1234,U,F,password
Hans,Nibert,hans.nibert@email.com,416-901-2345,U,M,password
Hildegard,Rohan,hildegard.rohan@email.com,416-012-3456,U,F,password
Homer,Lovelady,homer.lovelady@email.com,416-123-4567,U,M,password
Jacquelin,Corn,jacquelin.corn@email.com,416-234-5678,U,F,password
Jamar,Croteau,jamar.croteau@email.com,416-345-6789,U,M,password
Jena,Brandenburg,jena.brandenburg@email.com,416-456-7890,U,F,password
Jennefer,Bliss,jennefer.bliss@email.com,416-567-8901,U,F,password
Judy,Bavaro,judy.bavaro@email.com,416-678-9012,U,F,password
Kareem,Staten,kareem.staten@email.com,416-789-0123,U,M,password
Kathie,Geissler,kathie.geissler@email.com,416-890-1234,U,F,password
Kaylene,Baines,kaylene.baines@email.com,416-901-2345,U,F,password
Letitia,Mayon,letitia.mayon@email.com,416-012-3456,U,F,password
Kelvin,Winship,kelvin.winship@email.com,416-123-4567,U,M,password
Luigi,Nowlin,luigi.nowlin@email.com,416-234-5678,U,M,password
Kyla,Brautigam,kyla.brautigam@email.com,416-345-6789,U,F,password
Larhonda,Kimler,larhonda.kimler@email.com,416-456-7890,U,F,password
Lauralee,Spraggins,lauralee.spraggins@email.com,416-567-8901,U,F,password
Leeann,Brundidge,leeann.brundidge@email.com,416-678-9012,U,F,password
Leila,Racanelli,leila.racanelli@email.com,416-789-0123,U,F,password
Leopoldo,Lambright,leopoldo.lambright@email.com,416-890-1234,U,M,password
Linsey,Champ,linsey.champ@email.com,416-901-2345,U,F,password
Marcene,Holm,marcene.holm@email.com,416-012-3456,U,F,password
Marco,Starner,marco.starner@email.com,416-123-4567,U,M,password
Margaretta,Hamaker,margaretta.hamaker@email.com,416-234-5678,U,F,password
Marshall,Vanepps,marshall.vanepps@email.com,416-345-6789,U,M,password
Marta,Delawder,marta.delawder@email.com,416-456-7890,U,F,password
Marty,Arrieta,marty.arrieta@email.com,416-567-8901,U,M,password
Mellisa,Burden,mellisa.burden@email.com,416-678-9012,U,F,password
Milo,Alcantar,milo.alcantar@email.com,416-789-0123,U,M,password
Nadia,Gravley,nadia.gravley@email.com,416-890-1234,U,F,password
Nanette,Luttrell,nanette.luttrell@email.com,416-901-2345,U,F,password
Naomi,Cassette,naomi.cassette@email.com,416-012-3456,U,F,password
Natividad,Dilorenzo,natividad.dilorenzo@email.com,416-123-4567,U,F,password
Noelia,Sevigny,noelia.sevigny@email.com,416-234-5678,U,F,password
Oliver,Marcil,oliver.marcil@email.com,416-345-6789,U,M,password
Pablo,Shiba,pablo.shiba@email.com,416-456-7890,U,M,password
Pamella,Cass,pamella.cass@email.com,416-567-8901,U,F,password
Paul,Narducci,paul.narducci@email.com,416-678-9012,U,M,password
Pedro,Schoenberg,pedro.schoenberg@email.com,416-789-0123,U,M,password
Quinn,Bey,quinn.bey@email.com,416-890-1234,U,M,password
Ramiro,Brant,ramiro.brant@email.com,416-901-2345,U,M,password
Rich,Marchi,rich.marchi@email.com,416-012-3456,U,M,password
Rico,Huett,rico.huett@email.com,416-123-4567,U,M,password
Rob,Capron,rob.capron@email.com,416-234-5678,U,M,password
Rosette,Merino,rosette.merino@email.com,416-345-6789,U,F,password
Rozanne,Grumbles,rozanne.grumbles@email.com,416-456-7890,U,F,password
Selena,Foy,selena.foy@email.com,416-567-8901,U,F,password
Shayne,Goodspeed,shayne.goodspeed@email.com,416-678-9012,U,M,password
Sherley,Denmon,sherley.denmon@email.com,416-789-0123,U,F,password
Stanley,Stufflebeam,stanley.stufflebeam@email.com,416-890-1234,U,M,password
Stefan,Keene,stefan.keene@email.com,416-901-2345,U,M,password
Tamisha,Schepers,tamisha.schepers@email.com,416-012-3456,U,F,password
Tegan,Tischler,tegan.tischler@email.com,416-123-4567,U,F,password
Theodore,Mejorado,theodore.mejorado@email.com,416-234-5678,U,M,password
Timmy,Newton,timmy.newton@email.com,416-345-6789,U,M,password
Tomiko,Wafford,tomiko.wafford@email.com,416-456-7890,U,F,password
Trudie,Naccarato,trudie.naccarato@email.com,416-567-8901,U,F,password
Vania,Oberle,vania.oberle@email.com,416-678-9012,U,F,password
Vincent,Pendarvis,vincent.pendarvis@email.com,416-789-0123,U,M,password
Viola,Borchers,viola.borchers@email.com,416-890-1234,U,F,password
Wallace,Tegeler,wallace.tegeler@email.com,416-901-2345,U,M,password
Ward,Karle,ward.karle@email.com,416-012-3456,U,M,password
